copie	cas	fichier	existe	octets	md5
nvme_vivant	BraTS-GLI-00170-000	BraTS-GLI-00170-000-seg.nii.gz	oui	165977	4018bc755d5a9306c3321586e59fd6ab
nvme_vivant	BraTS-GLI-00170-000	BraTS-GLI-00170-000-t2.nii.gz	oui	2653942	b4eb06fc0774b8dddc9cec7ea9408ca5
nvme_vivant	BraTS-GLI-00219-000	BraTS-GLI-00219-000-seg.nii.gz	oui	163666	f19d5cdcf7eb6ccd17cfd0f10d63f16f
nvme_vivant	BraTS-GLI-00219-000	BraTS-GLI-00219-000-t2.nii.gz	oui	2740773	567aa9ead8fd79e3e855200fb09b393b
nvme_vivant	BraTS-GLI-00658-000	BraTS-GLI-00658-000-seg.nii.gz	oui	192676	b01b294c4156bffb1351ad713e57beb3
nvme_vivant	BraTS-GLI-00658-000	BraTS-GLI-00658-000-t2.nii.gz	oui	3258991	bc0c8dd873b5d73046a8db169b01769e
nvme_vivant	BraTS-GLI-01163-000	BraTS-GLI-01163-000-seg.nii.gz	oui	192230	f161e4e336b179ea92d7c282144a2542
nvme_vivant	BraTS-GLI-01163-000	BraTS-GLI-01163-000-t2.nii.gz	oui	5934312	4bb92992a55d9fad82df2f40dbd103eb
nvme_vivant	BraTS-GLI-01433-000	BraTS-GLI-01433-000-seg.nii.gz	oui	179130	d11150ab35e3fdd801586816d535f524
nvme_vivant	BraTS-GLI-01433-000	BraTS-GLI-01433-000-t2.nii.gz	oui	2808038	78c40b2318fb5ac3b536e4695f601186
hdd_rescue	BraTS-GLI-00170-000	BraTS-GLI-00170-000-seg.nii.gz	oui	165977	4018bc755d5a9306c3321586e59fd6ab
hdd_rescue	BraTS-GLI-00170-000	BraTS-GLI-00170-000-t2.nii.gz	oui	2653942	b4eb06fc0774b8dddc9cec7ea9408ca5
hdd_rescue	BraTS-GLI-00219-000	BraTS-GLI-00219-000-seg.nii.gz	oui	163666	f19d5cdcf7eb6ccd17cfd0f10d63f16f
hdd_rescue	BraTS-GLI-00219-000	BraTS-GLI-00219-000-t2.nii.gz	oui	2740773	567aa9ead8fd79e3e855200fb09b393b
hdd_rescue	BraTS-GLI-00658-000	BraTS-GLI-00658-000-seg.nii.gz	oui	192676	b01b294c4156bffb1351ad713e57beb3
hdd_rescue	BraTS-GLI-00658-000	BraTS-GLI-00658-000-t2.nii.gz	oui	3258991	bc0c8dd873b5d73046a8db169b01769e
hdd_rescue	BraTS-GLI-01163-000	BraTS-GLI-01163-000-seg.nii.gz	oui	192230	f161e4e336b179ea92d7c282144a2542
hdd_rescue	BraTS-GLI-01163-000	BraTS-GLI-01163-000-t2.nii.gz	oui	5934312	4bb92992a55d9fad82df2f40dbd103eb
hdd_rescue	BraTS-GLI-01433-000	BraTS-GLI-01433-000-seg.nii.gz	oui	179130	d11150ab35e3fdd801586816d535f524
hdd_rescue	BraTS-GLI-01433-000	BraTS-GLI-01433-000-t2.nii.gz	oui	2808038	78c40b2318fb5ac3b536e4695f601186
data8t	BraTS-GLI-00170-000	BraTS-GLI-00170-000-seg.nii.gz	oui	165977	4018bc755d5a9306c3321586e59fd6ab
data8t	BraTS-GLI-00170-000	BraTS-GLI-00170-000-t2.nii.gz	oui	2653942	b4eb06fc0774b8dddc9cec7ea9408ca5
data8t	BraTS-GLI-00219-000	BraTS-GLI-00219-000-seg.nii.gz	oui	163666	f19d5cdcf7eb6ccd17cfd0f10d63f16f
data8t	BraTS-GLI-00219-000	BraTS-GLI-00219-000-t2.nii.gz	oui	2740773	567aa9ead8fd79e3e855200fb09b393b
data8t	BraTS-GLI-00658-000	BraTS-GLI-00658-000-seg.nii.gz	oui	192676	b01b294c4156bffb1351ad713e57beb3
data8t	BraTS-GLI-00658-000	BraTS-GLI-00658-000-t2.nii.gz	oui	3258991	bc0c8dd873b5d73046a8db169b01769e
data8t	BraTS-GLI-01163-000	BraTS-GLI-01163-000-seg.nii.gz	oui	192230	f161e4e336b179ea92d7c282144a2542
data8t	BraTS-GLI-01163-000	BraTS-GLI-01163-000-t2.nii.gz	oui	5934312	4bb92992a55d9fad82df2f40dbd103eb
data8t	BraTS-GLI-01433-000	BraTS-GLI-01433-000-seg.nii.gz	oui	179130	d11150ab35e3fdd801586816d535f524
data8t	BraTS-GLI-01433-000	BraTS-GLI-01433-000-t2.nii.gz	oui	2808038	78c40b2318fb5ac3b536e4695f601186
