patient_id,base_id,raison,dans_corrupted_list,entree_exacte,premiere_apparition_git,n_entrees_liste_meme_patient,modalites_manquantes,segmentation_manquante,fichiers_du_dossier
BraTS-GLI-00005-000,BraTS-GLI-00005,"corrompu (liste corrupted_patients.txt)",oui,non,2026-03-05,2,-,non,5
BraTS-GLI-00006-000,BraTS-GLI-00006,"corrompu (liste corrupted_patients.txt)",oui,non,2026-03-05,2,-,non,5
BraTS-GLI-00008-000,BraTS-GLI-00008,"corrompu (liste corrupted_patients.txt)",oui,non,2026-03-05,4,-,non,5
BraTS-GLI-00008-001,BraTS-GLI-00008,"corrompu (liste corrupted_patients.txt)",oui,non,2026-03-05,4,-,non,5
BraTS-GLI-00009-000,BraTS-GLI-00009,"corrompu (liste corrupted_patients.txt)",oui,non,2026-03-05,2,-,non,5
BraTS-GLI-00009-001,BraTS-GLI-00009,"corrompu (liste corrupted_patients.txt)",oui,non,2026-03-05,2,-,non,5
BraTS-GLI-00020-000,BraTS-GLI-00020,"corrompu (liste corrupted_patients.txt)",oui,non,2026-03-05,2,-,non,5
BraTS-GLI-00020-001,BraTS-GLI-00020,"corrompu (liste corrupted_patients.txt)",oui,non,2026-03-05,2,-,non,5
BraTS-GLI-00033-000,BraTS-GLI-00033,"corrompu (liste corrupted_patients.txt)",oui,non,2026-03-05,2,-,non,5
BraTS-GLI-00046-000,BraTS-GLI-00046,"corrompu (liste corrupted_patients.txt)",oui,non,2026-03-05,2,-,non,5
BraTS-GLI-00060-000,BraTS-GLI-00060,"corrompu (liste corrupted_patients.txt)",oui,non,2026-03-05,2,-,non,5
BraTS-GLI-00063-000,BraTS-GLI-00063,"corrompu (liste corrupted_patients.txt)",oui,non,2026-03-05,2,-,non,5
BraTS-GLI-00078-000,BraTS-GLI-00078,"corrompu (liste corrupted_patients.txt)",oui,non,2026-03-05,2,-,non,5
BraTS-GLI-00085-000,BraTS-GLI-00085,"corrompu (liste corrupted_patients.txt)",oui,non,2026-03-05,2,-,non,5
BraTS-GLI-00096-000,BraTS-GLI-00096,"corrompu (liste corrupted_patients.txt)",oui,non,2026-03-05,2,-,non,5
BraTS-GLI-00096-001,BraTS-GLI-00096,"corrompu (liste corrupted_patients.txt)",oui,non,2026-03-05,2,-,non,5
BraTS-GLI-00170-000,BraTS-GLI-00170,"corrompu (liste corrupted_patients.txt)",oui,oui,2026-03-10,1,-,non,5
BraTS-GLI-00219-000,BraTS-GLI-00219,"corrompu (liste corrupted_patients.txt)",oui,oui,2026-03-10,1,-,non,5
BraTS-GLI-00469-000,BraTS-GLI-00469,"corrompu (liste corrupted_patients.txt)",oui,non,2026-03-05,2,-,non,5
BraTS-GLI-00469-001,BraTS-GLI-00469,"corrompu (liste corrupted_patients.txt)",oui,non,2026-03-05,2,-,non,5
BraTS-GLI-00472-000,BraTS-GLI-00472,"corrompu (liste corrupted_patients.txt)",oui,non,2026-03-05,2,-,non,5
BraTS-GLI-00483-000,BraTS-GLI-00483,"corrompu (liste corrupted_patients.txt)",oui,non,2026-03-05,2,-,non,5
BraTS-GLI-00483-001,BraTS-GLI-00483,"corrompu (liste corrupted_patients.txt)",oui,non,2026-03-05,2,-,non,5
BraTS-GLI-00485-000,BraTS-GLI-00485,"corrompu (liste corrupted_patients.txt)",oui,non,2026-03-05,2,-,non,5
BraTS-GLI-00485-001,BraTS-GLI-00485,"corrompu (liste corrupted_patients.txt)",oui,non,2026-03-05,2,-,non,5
BraTS-GLI-00491-000,BraTS-GLI-00491,"corrompu (liste corrupted_patients.txt)",oui,non,2026-03-05,2,-,non,5
BraTS-GLI-00491-001,BraTS-GLI-00491,"corrompu (liste corrupted_patients.txt)",oui,non,2026-03-05,2,-,non,5
BraTS-GLI-00498-000,BraTS-GLI-00498,"corrompu (liste corrupted_patients.txt)",oui,non,2026-03-05,2,-,non,5
BraTS-GLI-00498-001,BraTS-GLI-00498,"corrompu (liste corrupted_patients.txt)",oui,non,2026-03-05,2,-,non,5
BraTS-GLI-00505-000,BraTS-GLI-00505,"corrompu (liste corrupted_patients.txt)",oui,non,2026-03-05,2,-,non,5
BraTS-GLI-00506-000,BraTS-GLI-00506,"corrompu (liste corrupted_patients.txt)",oui,non,2026-03-05,2,-,non,5
BraTS-GLI-00507-000,BraTS-GLI-00507,"corrompu (liste corrupted_patients.txt)",oui,non,2026-03-05,2,-,non,5
BraTS-GLI-00511-000,BraTS-GLI-00511,"corrompu (liste corrupted_patients.txt)",oui,non,2026-03-05,2,-,non,5
BraTS-GLI-00511-001,BraTS-GLI-00511,"corrompu (liste corrupted_patients.txt)",oui,non,2026-03-05,2,-,non,5
BraTS-GLI-00512-000,BraTS-GLI-00512,"corrompu (liste corrupted_patients.txt)",oui,non,2026-03-05,2,-,non,5
BraTS-GLI-00517-000,BraTS-GLI-00517,"corrompu (liste corrupted_patients.txt)",oui,non,2026-03-05,2,-,non,5
BraTS-GLI-00517-001,BraTS-GLI-00517,"corrompu (liste corrupted_patients.txt)",oui,non,2026-03-05,2,-,non,5
BraTS-GLI-00518-000,BraTS-GLI-00518,"corrompu (liste corrupted_patients.txt)",oui,non,2026-03-05,2,-,non,5
BraTS-GLI-00518-001,BraTS-GLI-00518,"corrompu (liste corrupted_patients.txt)",oui,non,2026-03-05,2,-,non,5
BraTS-GLI-00528-000,BraTS-GLI-00528,"corrompu (liste corrupted_patients.txt)",oui,non,2026-03-05,2,-,non,5
BraTS-GLI-00529-000,BraTS-GLI-00529,"corrompu (liste corrupted_patients.txt)",oui,non,2026-03-05,2,-,non,5
BraTS-GLI-00533-000,BraTS-GLI-00533,"corrompu (liste corrupted_patients.txt)",oui,non,2026-03-05,2,-,non,5
BraTS-GLI-00543-000,BraTS-GLI-00543,"corrompu (liste corrupted_patients.txt)",oui,non,2026-03-05,2,-,non,5
BraTS-GLI-00547-000,BraTS-GLI-00547,"corrompu (liste corrupted_patients.txt)",oui,non,2026-03-05,2,-,non,5
BraTS-GLI-00547-001,BraTS-GLI-00547,"corrompu (liste corrupted_patients.txt)",oui,non,2026-03-05,2,-,non,5
BraTS-GLI-00548-000,BraTS-GLI-00548,"corrompu (liste corrupted_patients.txt)",oui,non,2026-03-05,2,-,non,5
BraTS-GLI-00548-001,BraTS-GLI-00548,"corrompu (liste corrupted_patients.txt)",oui,non,2026-03-05,2,-,non,5
BraTS-GLI-00549-000,BraTS-GLI-00549,"corrompu (liste corrupted_patients.txt)",oui,non,2026-03-05,2,-,non,5
BraTS-GLI-00549-001,BraTS-GLI-00549,"corrompu (liste corrupted_patients.txt)",oui,non,2026-03-05,2,-,non,5
BraTS-GLI-00556-000,BraTS-GLI-00556,"corrompu (liste corrupted_patients.txt)",oui,non,2026-03-05,2,-,non,5
BraTS-GLI-00556-001,BraTS-GLI-00556,"corrompu (liste corrupted_patients.txt)",oui,non,2026-03-05,2,-,non,5
BraTS-GLI-00557-000,BraTS-GLI-00557,"corrompu (liste corrupted_patients.txt)",oui,non,2026-03-05,2,-,non,5
BraTS-GLI-00658-000,BraTS-GLI-00658,"corrompu (liste corrupted_patients.txt)",oui,oui,2026-03-10,1,-,non,5
BraTS-GLI-01163-000,BraTS-GLI-01163,"corrompu (liste corrupted_patients.txt)",oui,oui,2026-03-05,1,-,non,5
BraTS-GLI-01433-000,BraTS-GLI-01433,"corrompu (liste corrupted_patients.txt)",oui,oui,2026-03-10,1,-,non,5
