patient_id,groupe,fichiers_presents,illisible,formes,affines_identiques,nan,inf,variance_nulle,amplitude_extreme,labels_seg,labels_hors_jeu,octets_total
BraTS-GLI-00005-000,exclu,5,-,"(240, 240, 155)",oui,0,0,-,-,"0,1,2,3",-,10423937
BraTS-GLI-00006-000,exclu,5,-,"(240, 240, 155)",oui,0,0,-,-,"0,1,2,3",-,12067464
BraTS-GLI-00008-000,exclu,5,-,"(240, 240, 155)",oui,0,0,-,-,"0,1,2,3",-,11446667
BraTS-GLI-00008-001,exclu,5,-,"(240, 240, 155)",oui,0,0,-,-,"0,2,3",-,23048178
BraTS-GLI-00009-000,exclu,5,-,"(240, 240, 155)",oui,0,0,-,-,"0,1,2,3",-,10578640
BraTS-GLI-00009-001,exclu,5,-,"(240, 240, 155)",oui,0,0,-,-,"0,2,3",-,20656480
BraTS-GLI-00020-000,exclu,5,-,"(240, 240, 155)",oui,0,0,-,-,"0,1,2,3",-,12616624
BraTS-GLI-00020-001,exclu,5,-,"(240, 240, 155)",oui,0,0,-,-,"0,1,2,3",-,20714319
BraTS-GLI-00033-000,exclu,5,-,"(240, 240, 155)",oui,0,0,-,-,"0,2,3",-,11967956
BraTS-GLI-00046-000,exclu,5,-,"(240, 240, 155)",oui,0,0,-,-,"0,1,2,3",-,10801660
BraTS-GLI-00060-000,exclu,5,-,"(240, 240, 155)",oui,0,0,-,-,"0,1,2,3",-,14562860
BraTS-GLI-00063-000,exclu,5,-,"(240, 240, 155)",oui,0,0,-,-,"0,1,2,3",-,13359211
BraTS-GLI-00078-000,exclu,5,-,"(240, 240, 155)",oui,0,0,-,-,"0,1,2,3",-,12407821
BraTS-GLI-00085-000,exclu,5,-,"(240, 240, 155)",oui,0,0,-,-,"0,1,2,3",-,12822804
BraTS-GLI-00096-000,exclu,5,-,"(240, 240, 155)",oui,0,0,-,-,"0,1,2,3",-,13731234
BraTS-GLI-00096-001,exclu,5,-,"(240, 240, 155)",oui,0,0,-,-,"0,1,2,3",-,23387188
BraTS-GLI-00170-000,exclu,5,-,"(240, 240, 155)",oui,0,0,-,-,"0,2,3",-,10046011
BraTS-GLI-00219-000,exclu,5,-,"(240, 240, 155)",oui,0,0,-,-,"0,1,2,3",-,10518965
BraTS-GLI-00469-000,exclu,5,-,"(240, 240, 155)",oui,0,0,-,-,"0,1,2,3",-,11918452
BraTS-GLI-00469-001,exclu,5,-,"(240, 240, 155)",oui,0,0,-,-,"0,1,2,3",-,21535912
BraTS-GLI-00472-000,exclu,5,-,"(240, 240, 155)",oui,0,0,-,-,"0,1,2,3",-,13490369
BraTS-GLI-00483-000,exclu,5,-,"(240, 240, 155)",oui,0,0,-,-,"0,1,2,3",-,13260693
BraTS-GLI-00483-001,exclu,5,-,"(240, 240, 155)",oui,0,0,-,-,"0,1,2,3",-,25293770
BraTS-GLI-00485-000,exclu,5,-,"(240, 240, 155)",oui,0,0,-,-,"0,2,3",-,10880281
BraTS-GLI-00485-001,exclu,5,-,"(240, 240, 155)",oui,0,0,-,-,"0,2,3",-,18829684
BraTS-GLI-00491-000,exclu,5,-,"(240, 240, 155)",oui,0,0,-,-,"0,1,2,3",-,13204455
BraTS-GLI-00491-001,exclu,5,-,"(240, 240, 155)",oui,0,0,-,-,"0,1,2,3",-,25093543
BraTS-GLI-00498-000,exclu,5,-,"(240, 240, 155)",oui,0,0,-,-,"0,1,2,3",-,13015393
BraTS-GLI-00498-001,exclu,5,-,"(240, 240, 155)",oui,0,0,-,-,"0,1,2,3",-,20707276
BraTS-GLI-00505-000,exclu,5,-,"(240, 240, 155)",oui,0,0,-,-,"0,1,2,3",-,11824735
BraTS-GLI-00506-000,exclu,5,-,"(240, 240, 155)",oui,0,0,-,-,"0,1,2,3",-,12858637
BraTS-GLI-00507-000,exclu,5,-,"(240, 240, 155)",oui,0,0,-,-,"0,1,2,3",-,11027252
BraTS-GLI-00511-000,exclu,5,-,"(240, 240, 155)",oui,0,0,-,-,"0,1,2,3",-,13976332
BraTS-GLI-00511-001,exclu,5,-,"(240, 240, 155)",oui,0,0,-,-,"0,1,2,3",-,25854177
BraTS-GLI-00512-000,exclu,5,-,"(240, 240, 155)",oui,0,0,-,-,"0,1,2,3",-,11645442
BraTS-GLI-00517-000,exclu,5,-,"(240, 240, 155)",oui,0,0,-,-,"0,1,2,3",-,13691105
BraTS-GLI-00517-001,exclu,5,-,"(240, 240, 155)",oui,0,0,-,-,"0,1,2,3",-,25155459
BraTS-GLI-00518-000,exclu,5,-,"(240, 240, 155)",oui,0,0,-,-,"0,1,2,3",-,13079295
BraTS-GLI-00518-001,exclu,5,-,"(240, 240, 155)",oui,0,0,-,-,"0,1,2,3",-,23168503
BraTS-GLI-00528-000,exclu,5,-,"(240, 240, 155)",oui,0,0,-,-,"0,1,2,3",-,15084193
BraTS-GLI-00529-000,exclu,5,-,"(240, 240, 155)",oui,0,0,-,-,"0,1,2,3",-,13118995
BraTS-GLI-00533-000,exclu,5,-,"(240, 240, 155)",oui,0,0,-,-,"0,1,2,3",-,12645954
BraTS-GLI-00543-000,exclu,5,-,"(240, 240, 155)",oui,0,0,-,-,"0,1,2,3",-,12526040
BraTS-GLI-00547-000,exclu,5,-,"(240, 240, 155)",oui,0,0,-,-,"0,1,2,3",-,13228538
BraTS-GLI-00547-001,exclu,5,-,"(240, 240, 155)",oui,0,0,-,-,"0,1,2,3",-,23742798
BraTS-GLI-00548-000,exclu,5,-,"(240, 240, 155)",oui,0,0,-,-,"0,1,2,3",-,12792008
BraTS-GLI-00548-001,exclu,5,-,"(240, 240, 155)",oui,0,0,-,-,"0,1,2,3",-,22070892
BraTS-GLI-00549-000,exclu,5,-,"(240, 240, 155)",oui,0,0,-,-,"0,1,2,3",-,11922632
BraTS-GLI-00549-001,exclu,5,-,"(240, 240, 155)",oui,0,0,-,-,"0,1,2,3",-,23027174
BraTS-GLI-00556-000,exclu,5,-,"(240, 240, 155)",oui,0,0,-,-,"0,1,2,3",-,13469760
BraTS-GLI-00556-001,exclu,5,-,"(240, 240, 155)",oui,0,0,-,-,"0,1,2,3",-,21753355
BraTS-GLI-00557-000,exclu,5,-,"(240, 240, 155)",oui,0,0,-,-,"0,1,2,3",-,11604779
BraTS-GLI-00658-000,exclu,5,-,"(240, 240, 155)",oui,0,0,-,-,"0,1,2,3",-,13741005
BraTS-GLI-01163-000,exclu,5,-,"(240, 240, 155)",oui,0,0,-,-,"0,1,2,3",-,23938761
BraTS-GLI-01433-000,exclu,5,-,"(240, 240, 155)",oui,0,0,-,-,"0,1,2",-,10911950
BraTS-GLI-00021-000,inclus_témoin,5,-,"(240, 240, 155)",oui,0,0,-,-,"0,1,2,3",-,11464066
BraTS-GLI-00064-000,inclus_témoin,5,-,"(240, 240, 155)",oui,0,0,-,-,"0,1,2,3",-,13929538
BraTS-GLI-00070-000,inclus_témoin,5,-,"(240, 240, 155)",oui,0,0,-,-,"0,1,2,3",-,13364675
BraTS-GLI-00084-000,inclus_témoin,5,-,"(240, 240, 155)",oui,0,0,-,-,"0,1,2,3",-,10306067
BraTS-GLI-00088-000,inclus_témoin,5,-,"(240, 240, 155)",oui,0,0,-,-,"0,1,2,3",-,10924179
BraTS-GLI-00109-000,inclus_témoin,5,-,"(240, 240, 155)",oui,0,0,-,-,"0,1,2,3",-,11167680
BraTS-GLI-00115-000,inclus_témoin,5,-,"(240, 240, 155)",oui,0,0,-,-,"0,1,2,3",-,14988602
BraTS-GLI-00184-000,inclus_témoin,5,-,"(240, 240, 155)",oui,0,0,-,-,"0,1,2,3",-,12318297
BraTS-GLI-00211-000,inclus_témoin,5,-,"(240, 240, 155)",oui,0,0,-,-,"0,1,2,3",-,11701399
BraTS-GLI-00214-000,inclus_témoin,5,-,"(240, 240, 155)",oui,0,0,-,-,"0,1,2,3",-,12418388
BraTS-GLI-00237-000,inclus_témoin,5,-,"(240, 240, 155)",oui,0,0,-,-,"0,1,2,3",-,11533388
BraTS-GLI-00251-000,inclus_témoin,5,-,"(240, 240, 155)",oui,0,0,-,-,"0,1,2,3",-,12496381
BraTS-GLI-00254-000,inclus_témoin,5,-,"(240, 240, 155)",oui,0,0,-,-,"0,1,2,3",-,10776435
BraTS-GLI-00266-000,inclus_témoin,5,-,"(240, 240, 155)",oui,0,0,-,-,"0,1,2,3",-,9919250
BraTS-GLI-00280-000,inclus_témoin,5,-,"(240, 240, 155)",oui,0,0,-,-,"0,1,2,3",-,11567826
BraTS-GLI-00283-000,inclus_témoin,5,-,"(240, 240, 155)",oui,0,0,-,-,"0,1,2,3",-,12515285
BraTS-GLI-00305-000,inclus_témoin,5,-,"(240, 240, 155)",oui,0,0,-,-,"0,1,2,3",-,10324921
BraTS-GLI-00343-000,inclus_témoin,5,-,"(240, 240, 155)",oui,0,0,-,-,"0,1,2,3",-,11091407
BraTS-GLI-00388-000,inclus_témoin,5,-,"(240, 240, 155)",oui,0,0,-,-,"0,1,2,3",-,10746343
BraTS-GLI-00433-000,inclus_témoin,5,-,"(240, 240, 155)",oui,0,0,-,-,"0,1,2,3",-,11486894
BraTS-GLI-00446-000,inclus_témoin,5,-,"(240, 240, 155)",oui,0,0,-,-,"0,1,2,3",-,12707823
BraTS-GLI-00550-000,inclus_témoin,5,-,"(240, 240, 155)",oui,0,0,-,-,"0,1,2,3",-,11075594
BraTS-GLI-00565-000,inclus_témoin,5,-,"(240, 240, 155)",oui,0,0,-,-,"0,1,2,3",-,11889762
BraTS-GLI-00604-000,inclus_témoin,5,-,"(240, 240, 155)",oui,0,0,-,-,"0,1,2,3",-,13399686
BraTS-GLI-00610-000,inclus_témoin,5,-,"(240, 240, 155)",oui,0,0,-,-,"0,1,2,3",-,12607338
BraTS-GLI-00612-000,inclus_témoin,5,-,"(240, 240, 155)",oui,0,0,-,-,"0,1,2,3",-,12151653
BraTS-GLI-00618-000,inclus_témoin,5,-,"(240, 240, 155)",oui,0,0,-,-,"0,1,2,3",-,13624947
BraTS-GLI-00625-000,inclus_témoin,5,-,"(240, 240, 155)",oui,0,0,-,-,"0,1,2,3",-,15931609
BraTS-GLI-00640-000,inclus_témoin,5,-,"(240, 240, 155)",oui,0,0,-,-,"0,1,2,3",-,12729967
BraTS-GLI-00674-001,inclus_témoin,5,-,"(240, 240, 155)",oui,0,0,-,-,"0,1,2,3",-,19295866
BraTS-GLI-00714-000,inclus_témoin,5,-,"(240, 240, 155)",oui,0,0,-,-,"0,1,2,3",-,11197574
BraTS-GLI-00733-001,inclus_témoin,5,-,"(240, 240, 155)",oui,0,0,-,-,"0,2,3",-,21750974
BraTS-GLI-00736-001,inclus_témoin,5,-,"(240, 240, 155)",oui,0,0,-,-,"0,1,2,3",-,21960842
BraTS-GLI-00767-001,inclus_témoin,5,-,"(240, 240, 155)",oui,0,0,-,-,"0,1,2,3",-,19187923
BraTS-GLI-00775-000,inclus_témoin,5,-,"(240, 240, 155)",oui,0,0,-,-,"0,1,2,3",-,12287767
BraTS-GLI-01041-000,inclus_témoin,5,-,"(240, 240, 155)",oui,0,0,-,-,"0,1,2,3",-,11662389
BraTS-GLI-01048-000,inclus_témoin,5,-,"(240, 240, 155)",oui,0,0,-,-,"0,1,2,3",-,12019637
BraTS-GLI-01056-000,inclus_témoin,5,-,"(240, 240, 155)",oui,0,0,-,-,"0,1,2,3",-,10797331
BraTS-GLI-01087-000,inclus_témoin,5,-,"(240, 240, 155)",oui,0,0,-,-,"0,1,2,3",-,10935561
BraTS-GLI-01092-000,inclus_témoin,5,-,"(240, 240, 155)",oui,0,0,-,-,"0,1,2,3",-,8968187
BraTS-GLI-01099-000,inclus_témoin,5,-,"(240, 240, 155)",oui,0,0,-,-,"0,1,2,3",-,11804541
BraTS-GLI-01127-000,inclus_témoin,5,-,"(240, 240, 155)",oui,0,0,-,-,"0,1,2,3",-,10996342
BraTS-GLI-01130-000,inclus_témoin,5,-,"(240, 240, 155)",oui,0,0,-,-,"0,1,2,3",-,10885900
BraTS-GLI-01211-000,inclus_témoin,5,-,"(240, 240, 155)",oui,0,0,-,-,"0,1,2,3",-,11423169
BraTS-GLI-01216-000,inclus_témoin,5,-,"(240, 240, 155)",oui,0,0,-,-,"0,1,2,3",-,10580056
BraTS-GLI-01217-000,inclus_témoin,5,-,"(240, 240, 155)",oui,0,0,-,-,"0,1,2,3",-,11230963
BraTS-GLI-01271-000,inclus_témoin,5,-,"(240, 240, 155)",oui,0,0,-,-,"0,1,2,3",-,8171686
BraTS-GLI-01280-000,inclus_témoin,5,-,"(240, 240, 155)",oui,0,0,-,-,"0,1,2,3",-,12376980
BraTS-GLI-01292-000,inclus_témoin,5,-,"(240, 240, 155)",oui,0,0,-,-,"0,1,2,3",-,10082765
BraTS-GLI-01386-000,inclus_témoin,5,-,"(240, 240, 155)",oui,0,0,-,-,"0,1,2,3",-,12179121
BraTS-GLI-01451-000,inclus_témoin,5,-,"(240, 240, 155)",oui,0,0,-,-,"0,1,2,3",-,9547999
BraTS-GLI-01469-000,inclus_témoin,5,-,"(240, 240, 155)",oui,0,0,-,-,"0,1,2,3",-,8986605
BraTS-GLI-01483-000,inclus_témoin,5,-,"(240, 240, 155)",oui,0,0,-,-,"0,1,2",-,9604301
BraTS-GLI-01502-000,inclus_témoin,5,-,"(240, 240, 155)",oui,0,0,-,-,"0,1,2",-,11877581
BraTS-GLI-01535-000,inclus_témoin,5,-,"(240, 240, 155)",oui,0,0,-,-,"0,1,2",-,10390255
